{"cameraMode":{"drawMode":0,"name":"Shaded","section":"Shading Mode"},"sceneLighting":true,"audioPlay":false,"sceneViewState":{"showFog":true,"showMaterialUpdate":false,"showSkybox":true,"showFlares":true,"showImageEffects":true,"showParticleSystems":true},"in2DMode":false,"pivot":{"x":-1.6020801067352296,"y":0.15522319078445435,"z":-0.7550195455551148},"rotation":{"x":0.018888039514422418,"y":0.9779636859893799,"z":-0.18130570650100709,"w":0.10187921673059464},"size":4.7972869873046879,"orthographic":false}