{"cameraMode":{"drawMode":0,"name":"Shaded","section":"Shading Mode"},"sceneLighting":false,"audioPlay":false,"sceneViewState":{"showFog":true,"showMaterialUpdate":false,"showSkybox":false,"showFlares":true,"showImageEffects":true,"showParticleSystems":true},"in2DMode":false,"pivot":{"x":0.3308192193508148,"y":0.31641584634780886,"z":-1.8498846292495728},"rotation":{"x":-0.0054335277527570728,"y":0.9944843053817749,"z":0.08192206174135208,"w":0.06603620201349259},"size":4.957884311676025,"orthographic":false}